{
    "SEC": {
        "Georgia": 1.0,
        "Texas": 0.7071067811865475,
        "Tennessee": 0.5773502691896258,
        "Alabama": 0.5,
        "Texas A&M": 0.4472135954999579,
        "Missouri": 0.4082482904638631,
        "LSU": 0.3779644730092272,
        "Ole Miss": 0.35355339059327373,
        "South Carolina": 0.3333333333333333,
        "Florida": 0.31622776601683794,
        "Arkansas": 0.30151134457776363,
        "Vanderbilt": 0.2886751345948129,
        "Auburn": 0.2773500981126146,
        "Oklahoma": 0.2672612419124244,
        "Kentucky": 0.2581988897471611,
        "Mississippi State": 0.25
    },
    "ACC": {
        "SMU": 1.0,
        "Clemson": 0.7071067811865475,
        "Miami": 0.5773502691896258,
        "Georgia Tech": 0.5,
        "Duke": 0.4472135954999579,
        "Syracuse": 0.4082482904638631,
        "Louisville": 0.3779644730092272,
        "Virginia Tech": 0.35355339059327373,
        "Boston College": 0.3333333333333333,
        "Pittsburgh": 0.31622776601683794,
        "Virginia": 0.30151134457776363,
        "North Carolina": 0.2886751345948129,
        "NC State": 0.2773500981126146,
        "Wake Forest": 0.2672612419124244,
        "California": 0.2581988897471611,
        "Stanford": 0.25,
        "Florida State": 0.24253562503633297
    },
    "Big Ten": {
        "Oregon": 1.0,
        "Indiana": 0.7071067811865475,
        "Penn State": 0.5773502691896258,
        "Ohio State": 0.5,
        "Iowa": 0.4472135954999579,
        "Illinois": 0.4082482904638631,
        "Minnesota": 0.3779644730092272,
        "Michigan": 0.35355339059327373,
        "USC": 0.3333333333333333,
        "Rutgers": 0.31622776601683794,
        "Washington": 0.30151134457776363,
        "Wisconsin": 0.2886751345948129,
        "Nebraska": 0.2773500981126146,
        "Michigan State": 0.2672612419124244,
        "UCLA": 0.2581988897471611,
        "Northwestern": 0.25,
        "Maryland": 0.24253562503633297,
        "Purdue": 0.23570226039551587
    },
    "Big 12": {
        "Arizona State": 1.0,
        "BYU": 0.7071067811865475,
        "Colorado": 0.5773502691896258,
        "Iowa State": 0.5,
        "Baylor": 0.4472135954999579,
        "TCU": 0.4082482904638631,
        "Texas Tech": 0.3779644730092272,
        "West Virginia": 0.35355339059327373,
        "Kansas State": 0.3333333333333333,
        "Kansas": 0.31622776601683794,
        "Houston": 0.30151134457776363,
        "Cincinnati": 0.2886751345948129,
        "Arizona": 0.2773500981126146,
        "UCF": 0.2672612419124244,
        "Utah": 0.2581988897471611,
        "Oklahoma State": 0.25
    }
}