{
    "SEC": 20.050136544659832,
    "ACC": 8.212010224762963,
    "Big Ten": 16.974306243167174,
    "Big 12": 6.480442403809626
}